employee_id,tenure_years,months_since_promotion,manager_change_12mo,comp_ratio,last_enps_score,perf_trend,flight_risk_score,flight_risk_band
E10001,3.48,41,False,0.993,7.0,Declining,55.0,High
E10002,2.23,26,False,0.801,5.0,Flat,61.6,High
E10003,3.87,46,False,0.993,10.0,Declining,53.7,High
E10004,7.14,60,False,0.958,5.0,Flat,43.1,Medium
E10005,2.09,25,False,0.967,8.0,Declining,66.0,Critical
E10006,2.09,25,True,0.979,7.0,Declining,62.5,High
E10007,7.42,60,False,1.033,6.0,Flat,43.9,Medium
E10008,4.21,50,False,1.031,7.0,Flat,22.3,Low
E10009,1.77,21,False,1.063,6.0,Flat,8.5,Low
E10010,3.59,43,False,0.95,8.0,Flat,47.0,High
E10011,1.78,21,False,1.074,8.0,Declining,34.0,Medium
E10012,1.77,21,False,1.035,7.0,Flat,3.2,Low
E10013,2.91,5,False,1.0,8.0,Flat,33.5,Medium
E10014,0.64,7,False,1.066,,Unknown,0.0,Low
E10015,0.73,8,False,1.142,6.0,Unknown,23.1,Low
E10016,1.66,19,False,1.021,4.0,Declining,29.5,Medium
E10017,1.21,14,False,0.888,4.0,Unknown,26.8,Medium
E10018,3.06,36,True,0.956,6.0,Improving,66.8,Critical
E10019,1.3,15,False,0.967,7.0,Unknown,3.1,Low
E10020,0.91,10,False,1.147,8.0,Unknown,1.6,Low
E10021,6.86,60,False,0.956,7.0,Declining,51.9,High
E10022,2.1,25,False,0.825,7.0,Improving,53.7,High
E10023,2.58,30,False,1.015,8.0,Improving,39.8,Medium
E10024,0.91,10,False,0.874,6.0,Unknown,37.7,Medium
E10025,1.68,20,False,0.86,7.0,Flat,18.5,Low
E10026,2.66,31,True,1.235,4.0,Declining,76.6,Critical
E10027,1.1,13,False,0.862,5.0,Unknown,30.0,Medium
E10028,3.2,38,False,1.085,7.0,Declining,58.6,High
E10029,1.61,19,False,1.158,6.0,Flat,24.5,Low
E10030,2.0,24,False,0.867,9.0,Declining,53.2,High
E10031,1.61,19,False,1.108,7.0,Improving,1.1,Low
E10032,8.99,60,False,1.046,5.0,Improving,42.8,Medium
E10033,2.43,29,False,1.037,5.0,Declining,62.6,High
E10034,1.17,5,False,0.833,8.0,Unknown,25.3,Medium
E10035,4.37,52,False,1.023,5.0,Flat,45.1,High
E10036,1.04,12,False,1.056,5.0,Unknown,13.3,Low
E10037,2.84,34,False,1.065,7.0,Improving,49.1,High
E10038,0.62,7,True,0.975,6.0,Unknown,39.0,Medium
E10039,0.97,11,False,1.056,5.0,Unknown,11.3,Low
E10040,2.82,33,False,1.081,6.0,Improving,51.0,High
E10041,4.12,49,False,0.818,7.0,Flat,51.2,High
E10042,2.77,33,True,1.056,5.0,Improving,66.6,Critical
E10043,2.26,27,False,0.93,7.0,Declining,76.0,Critical
E10044,1.99,23,False,0.992,8.0,Declining,36.4,Medium
E10045,0.87,10,False,1.077,7.0,Unknown,8.1,Low
E10046,1.48,17,False,0.881,5.0,Improving,39.4,Medium
E10047,1.78,21,True,1.0,6.0,Improving,45.4,High
E10048,5.15,60,False,1.037,9.0,Flat,25.9,Medium
E10049,3.12,37,False,0.931,5.0,Flat,65.1,Critical
E10050,0.71,8,False,0.972,5.0,Unknown,25.3,Medium
E10051,3.08,17,False,0.93,7.0,Declining,59.0,High
E10052,1.88,5,False,1.08,5.0,Improving,27.1,Medium
E10053,1.53,18,False,0.936,7.0,Improving,21.7,Low
E10054,3.77,45,False,1.128,7.0,Declining,53.2,High
E10055,5.06,60,False,1.048,7.0,Flat,25.6,Medium
E10056,4.71,56,False,1.086,4.0,Improving,44.4,Medium
E10057,1.36,16,False,0.968,5.0,Unknown,18.1,Low
E10058,1.98,23,False,0.9,5.0,Declining,40.1,Medium
E10059,3.1,5,True,0.955,7.0,Flat,39.2,Medium
E10060,4.87,58,False,0.802,8.0,Improving,40.6,Medium
E10061,1.75,21,False,1.021,5.0,Declining,31.8,Medium
E10062,2.16,25,True,0.904,7.0,Flat,69.7,Critical
E10063,1.13,13,True,0.882,6.0,Unknown,35.7,Medium
E10064,1.06,12,False,0.968,7.0,Unknown,9.1,Low
E10065,4.34,52,False,1.011,3.0,Flat,36.8,Medium
E10066,6.35,60,False,1.136,6.0,Flat,47.0,High
E10067,2.34,28,False,0.995,9.0,Improving,34.6,Medium
E10068,4.96,59,False,0.929,5.0,Declining,74.5,Critical
E10069,3.16,37,False,1.065,4.0,Declining,67.4,Critical
E10070,1.56,18,False,1.012,5.0,Flat,28.8,Medium
E10071,3.16,37,False,0.994,7.0,Improving,56.4,High
E10072,7.21,5,False,1.107,5.0,Improving,20.1,Low
E10073,2.4,28,False,1.05,5.0,Flat,63.1,High
E10074,7.35,60,True,0.882,6.0,Flat,64.3,High
E10075,0.39,4,False,1.043,4.0,Unknown,14.0,Low
E10076,4.37,52,True,1.0,7.0,Improving,43.5,Medium
E10077,2.61,31,False,0.968,5.0,Declining,70.6,Critical
E10078,1.99,23,False,0.9,7.0,Improving,31.8,Medium
E10079,2.62,31,False,0.93,8.0,Flat,42.9,Medium
E10080,0.61,7,False,0.935,6.0,Unknown,42.3,Medium
E10081,2.11,25,False,0.794,6.0,Flat,73.1,Critical
E10082,3.15,37,False,1.096,8.0,Flat,42.8,Medium
E10083,6.92,17,True,1.018,9.0,Flat,13.0,Low
E10084,1.71,20,False,1.059,9.0,Flat,0.0,Low
E10085,1.39,16,False,1.144,1.0,Unknown,22.3,Low
E10086,1.73,17,False,0.947,6.0,Flat,37.8,Medium
E10087,4.66,55,False,0.923,10.0,Flat,36.8,Medium
E10088,3.09,37,False,1.006,7.0,Flat,45.9,High
E10089,1.69,20,True,0.985,7.0,Flat,17.1,Low
E10090,3.52,42,False,1.032,6.0,Flat,53.1,High
E10091,2.63,17,False,1.074,8.0,Declining,42.6,Medium
E10092,4.84,29,False,0.941,5.0,Declining,75.0,Critical
E10093,1.5,18,True,0.84,6.0,Declining,44.9,Medium
E10094,1.95,23,False,0.995,8.0,Improving,12.7,Low
E10095,1.87,22,False,1.085,6.0,Declining,32.1,Medium
E10096,0.88,10,False,1.027,6.0,Unknown,18.7,Low
E10097,3.02,36,True,0.963,7.0,Improving,43.4,Medium
E10098,2.95,35,True,0.904,7.0,Flat,58.2,High
E10099,2.46,29,False,1.095,6.0,Improving,45.1,High
E10100,2.08,24,False,0.914,6.0,Declining,77.8,Critical
E10101,0.91,10,False,0.995,7.0,Unknown,12.7,Low
E10102,1.83,21,False,1.006,4.0,Flat,15.4,Low
E10103,1.93,23,False,1.056,5.0,Improving,14.9,Low
E10104,1.4,16,False,0.858,4.0,Unknown,24.3,Low
E10105,2.19,5,True,1.101,4.0,Flat,37.8,Medium
E10106,3.26,5,False,1.012,5.0,Declining,43.2,Medium
E10107,9.2,60,True,1.032,6.0,Improving,56.4,High
E10108,2.78,5,True,0.957,8.0,Improving,40.2,Medium
E10109,2.94,35,True,0.929,8.0,Improving,68.9,Critical
E10110,2.33,27,False,1.064,6.0,Improving,56.3,High
E10111,0.64,5,False,1.071,,Unknown,4.1,Low
E10112,2.41,28,False,0.963,8.0,Declining,53.2,High
E10113,2.56,30,True,0.959,8.0,Declining,74.7,Critical
E10114,13.78,60,False,0.963,7.0,Declining,55.2,High
E10115,2.15,25,True,0.859,6.0,Flat,75.1,Critical
E10116,3.03,17,True,1.035,7.0,Declining,48.8,High
E10117,2.4,28,False,0.969,7.0,Declining,66.1,Critical
E10118,1.08,12,False,1.107,7.0,Unknown,5.7,Low
E10119,5.47,60,False,1.032,6.0,Improving,46.7,High
E10120,4.16,49,False,1.017,4.0,Declining,53.4,High
E10121,4.27,51,True,1.08,5.0,Declining,70.6,Critical
E10122,1.3,15,False,1.027,7.0,Unknown,3.7,Low
E10123,6.56,60,False,0.88,4.0,Improving,60.6,High
E10124,0.92,11,True,1.013,6.0,Unknown,25.8,Medium
E10125,3.7,44,False,0.767,6.0,Declining,78.1,Critical
E10126,11.39,5,False,0.864,6.0,Flat,32.5,Medium
E10127,1.23,14,False,1.017,6.0,Unknown,22.4,Low
E10128,1.65,19,False,0.91,8.0,Flat,20.8,Low
E10129,2.63,31,False,1.14,8.0,Declining,63.2,High
E10130,1.73,17,False,1.062,7.0,Declining,24.1,Low
E10131,0.83,9,False,0.964,5.0,Unknown,30.0,Medium
E10132,2.58,30,False,0.929,4.0,Flat,72.7,Critical
E10133,1.17,14,True,0.944,5.0,Unknown,44.8,Medium
E10134,3.42,41,False,0.924,7.0,Flat,57.8,High
E10135,1.29,15,True,1.121,4.0,Unknown,30.1,Medium
E10136,7.27,60,False,1.008,6.0,Improving,41.8,Medium
E10137,1.42,17,True,0.996,5.0,Unknown,19.8,Low
E10138,1.96,5,False,0.872,7.0,Improving,24.5,Low
E10139,4.34,5,True,1.031,4.0,Flat,37.7,Medium
E10140,1.04,12,True,1.195,7.0,Unknown,7.4,Low
E10141,2.88,34,True,1.069,8.0,Flat,52.6,High
E10142,6.14,29,False,1.042,3.0,Declining,58.5,High
E10143,0.8,9,False,0.845,5.0,Unknown,38.4,Medium
E10144,2.8,33,False,1.107,6.0,Declining,65.5,Critical
E10145,2.95,29,False,1.08,3.0,Flat,46.4,High
E10146,4.25,17,False,0.958,6.0,Declining,41.6,Medium
E10147,1.03,12,False,0.85,9.0,Unknown,12.6,Low
E10148,0.97,11,False,0.844,5.0,Unknown,32.4,Medium
E10149,3.54,42,True,0.939,9.0,Declining,71.6,Critical
E10150,3.03,36,True,0.933,8.0,Improving,63.8,High
E10151,2.93,5,False,1.034,8.0,Improving,26.0,Medium
E10152,3.13,37,False,1.032,3.0,Improving,48.5,High
E10153,1.52,18,True,0.96,9.0,Flat,15.8,Low
E10154,2.89,34,False,0.94,6.0,Declining,77.2,Critical
E10155,3.02,17,True,0.903,6.0,Improving,58.0,High
E10156,1.49,17,False,0.924,7.0,Declining,23.9,Low
E10157,9.07,60,False,1.024,6.0,Declining,60.7,High
E10158,3.42,17,False,1.082,5.0,Declining,46.5,High
E10159,1.07,12,False,1.213,8.0,Unknown,7.7,Low
E10160,3.89,46,False,1.126,5.0,Declining,61.9,High
E10161,1.24,5,True,1.045,8.0,Unknown,11.2,Low
E10162,4.26,51,False,1.233,6.0,Flat,39.2,Medium
E10163,5.53,5,False,0.98,6.0,Improving,32.8,Medium
E10164,1.38,16,False,1.267,7.0,Unknown,8.9,Low
E10165,4.82,57,False,1.014,4.0,Improving,39.0,Medium
E10166,3.28,29,True,1.041,6.0,Improving,62.7,High
E10167,4.37,52,False,0.86,8.0,Improving,45.8,High
E10168,9.27,60,False,1.02,6.0,Flat,45.0,High
E10169,2.07,24,True,1.016,3.0,Declining,69.5,Critical
E10170,1.45,17,False,0.927,8.0,Improving,23.3,Low
E10171,1.32,15,False,1.085,5.0,Unknown,16.6,Low
E10172,1.39,16,False,0.907,4.0,Unknown,32.3,Medium
E10173,2.33,5,False,1.069,8.0,Improving,35.7,Medium
E10174,3.12,37,False,1.087,6.0,Flat,45.2,High
E10175,2.98,35,False,0.884,9.0,Declining,65.7,Critical
E10176,4.38,52,False,1.113,8.0,Improving,34.2,Medium
E10177,2.48,5,False,0.849,5.0,Improving,54.2,High
E10178,6.8,60,False,0.94,6.0,Improving,61.9,High
E10179,2.04,17,False,1.029,7.0,Flat,25.0,Medium
E10180,16.5,60,False,0.871,9.0,Improving,43.0,Medium
E10181,3.81,45,False,0.797,9.0,Improving,64.4,High
E10182,1.35,16,True,1.107,5.0,Unknown,25.1,Medium
E10183,1.16,13,False,0.985,4.0,Unknown,23.1,Low
E10184,3.44,17,False,1.044,5.0,Declining,42.7,Medium
E10185,2.1,25,False,0.952,7.0,Flat,43.9,Medium
E10186,4.05,48,False,1.018,6.0,Improving,45.1,High
E10187,3.42,41,False,1.089,7.0,Improving,43.8,Medium
E10188,2.34,28,False,1.014,6.0,Declining,65.4,Critical
E10189,1.36,16,False,1.107,7.0,Unknown,9.3,Low
E10190,0.85,10,True,1.106,7.0,Unknown,12.0,Low
E10191,1.8,21,False,1.107,8.0,Improving,18.4,Low
E10192,4.47,53,False,1.076,5.0,Declining,56.8,High
E10193,2.85,34,True,1.013,6.0,Declining,77.4,Critical
E10194,1.03,12,False,1.028,6.0,Unknown,18.8,Low
E10195,2.77,33,True,0.789,5.0,Declining,86.0,Critical
E10196,3.22,38,False,0.895,4.0,Improving,66.5,Critical
E10197,1.32,5,False,1.102,8.0,Unknown,0.3,Low
E10198,2.74,32,False,1.004,5.0,Declining,57.4,High
E10199,2.56,5,False,0.925,6.0,Improving,55.7,High
E10200,1.1,13,False,0.875,5.0,Unknown,30.0,Medium
E10201,3.16,37,False,1.098,8.0,Flat,41.7,Medium
E10202,3.64,43,False,1.081,9.0,Flat,43.7,Medium
E10203,5.25,29,False,1.019,8.0,Declining,49.8,High
E10204,5.14,60,False,0.976,5.0,Flat,50.7,High
E10205,0.94,11,False,1.009,5.0,Unknown,16.9,Low
E10206,1.27,15,False,1.047,5.0,Unknown,17.2,Low
E10207,3.52,42,False,0.883,7.0,Flat,68.0,Critical
E10208,3.52,17,False,0.864,7.0,Flat,39.9,Medium
E10209,3.52,29,False,0.969,7.0,Declining,75.0,Critical
E10210,17.99,60,False,1.229,8.0,Flat,25.5,Medium
E10211,3.66,5,True,0.954,7.0,Improving,38.2,Medium
E10212,5.44,60,False,1.034,8.0,Declining,49.8,High
E10213,4.79,5,False,1.031,3.0,Improving,31.4,Medium
E10214,3.88,46,False,1.028,5.0,Improving,57.2,High
E10215,1.97,23,False,0.926,8.0,Flat,17.9,Low
E10216,4.18,50,True,0.991,4.0,Flat,51.4,High
E10217,1.43,17,False,1.095,5.0,Unknown,17.1,Low
E10218,2.08,24,False,0.861,7.0,Flat,62.2,High
E10219,1.75,21,True,0.892,6.0,Declining,61.5,High
E10220,2.6,29,False,1.043,6.0,Improving,54.6,High
E10221,12.42,17,False,0.855,8.0,Flat,28.5,Medium
E10222,0.66,7,False,1.046,6.0,Unknown,19.0,Low
E10223,3.97,47,False,0.874,7.0,Improving,58.1,High
E10224,0.79,9,False,0.911,5.0,Unknown,38.9,Medium
E10225,1.77,5,True,0.796,6.0,Improving,39.2,Medium
E10226,5.27,60,False,0.966,5.0,Declining,61.4,High
E10227,2.57,5,False,0.907,7.0,Improving,41.3,Medium
E10228,1.16,13,True,0.892,7.0,Unknown,25.8,Medium
E10229,1.49,17,True,1.046,7.0,Declining,21.4,Low
E10230,3.95,47,False,1.027,8.0,Declining,61.0,High
E10231,1.47,17,False,0.997,7.0,Declining,23.9,Low
E10232,2.86,34,False,0.942,7.0,Improving,61.5,High
E10233,2.54,30,False,1.164,6.0,Flat,57.5,High
E10234,1.56,18,False,0.932,5.0,Declining,38.1,Medium
E10235,11.02,60,True,1.075,8.0,Flat,36.7,Medium
E10236,3.83,17,False,0.926,8.0,Declining,51.3,High
E10237,0.59,7,False,1.108,6.0,Unknown,16.8,Low
E10238,2.8,33,False,1.055,6.0,Flat,55.2,High
E10239,1.54,18,False,0.902,4.0,Improving,33.9,Medium
E10240,4.46,53,True,0.929,9.0,Flat,52.9,High
E10241,1.41,16,False,0.994,5.0,Unknown,23.8,Low
E10242,2.27,27,False,0.939,6.0,Improving,69.3,Critical
E10243,3.5,42,False,0.994,8.0,Improving,40.8,Medium
E10244,4.5,29,False,1.024,6.0,Improving,41.0,Medium
E10245,1.06,12,False,1.0,3.0,Unknown,21.2,Low
E10246,1.94,23,False,0.886,5.0,Declining,42.8,Medium
E10247,1.76,21,False,1.031,7.0,Improving,4.1,Low
E10248,1.56,18,False,1.044,8.0,Flat,9.0,Low
E10249,8.46,60,False,0.81,7.0,Flat,55.9,High
E10250,3.26,39,False,0.974,8.0,Declining,53.3,High
E10251,1.02,12,False,0.957,5.0,Unknown,23.0,Low
E10252,4.67,29,False,1.123,5.0,Improving,39.7,Medium
E10253,10.86,60,True,0.808,5.0,Flat,60.3,High
E10254,5.06,60,True,1.103,7.0,Declining,49.4,High
E10255,0.85,10,False,0.889,9.0,Unknown,9.7,Low
E10256,1.75,21,True,0.834,6.0,Declining,54.2,High
E10257,5.97,60,False,0.945,2.0,Flat,58.2,High
E10258,1.5,18,False,0.96,8.0,Flat,10.5,Low
E10259,3.35,40,True,1.013,8.0,Flat,51.5,High
E10260,4.23,50,False,0.889,7.0,Declining,51.8,High
E10261,1.28,15,False,0.748,8.0,Unknown,15.9,Low
E10262,2.36,28,False,0.862,7.0,Declining,70.8,Critical
E10263,0.25,3,False,1.05,8.0,Unknown,0.9,Low
E10264,1.2,5,False,1.097,4.0,Unknown,7.8,Low
E10265,2.06,24,True,0.86,6.0,Declining,97.0,Critical
E10266,1.02,12,False,0.926,8.0,Unknown,22.7,Low
E10267,7.7,60,False,1.108,4.0,Flat,49.1,High
E10268,0.9,10,False,0.889,3.0,Unknown,29.4,Medium
E10269,1.8,21,False,1.143,3.0,Flat,11.1,Low
E10270,2.69,32,False,1.091,7.0,Improving,43.4,Medium
E10271,6.74,29,False,0.997,7.0,Flat,32.5,Medium
E10272,0.9,5,False,0.945,7.0,Unknown,26.1,Medium
E10273,5.55,60,False,0.831,5.0,Improving,60.2,High
E10274,2.48,29,False,1.06,7.0,Declining,55.0,High
E10275,1.23,5,False,0.823,5.0,Unknown,34.0,Medium
E10276,3.39,40,False,1.036,5.0,Improving,64.2,High
E10277,2.82,33,False,1.206,8.0,Improving,45.3,High
E10278,1.61,19,False,1.055,8.0,Declining,17.0,Low
E10279,2.58,30,False,0.94,7.0,Improving,57.7,High
E10280,1.88,22,False,0.972,8.0,Declining,19.7,Low
E10281,2.66,31,False,1.02,7.0,Declining,51.4,High
E10282,3.91,46,False,0.997,7.0,Improving,54.3,High
E10283,7.46,17,False,1.075,5.0,Declining,38.2,Medium
E10284,1.03,12,False,0.975,7.0,Unknown,15.8,Low
E10285,10.94,60,False,1.083,7.0,Flat,27.6,Medium
E10286,0.62,7,True,1.05,5.0,Unknown,30.2,Medium
E10287,2.21,5,False,0.863,5.0,Improving,50.0,High
E10288,3.71,5,False,0.976,5.0,Improving,43.1,Medium
E10289,2.99,35,False,1.062,7.0,Flat,42.3,Medium
E10290,1.59,19,False,0.849,7.0,Declining,33.9,Medium
E10291,2.12,25,False,0.94,6.0,Declining,80.5,Critical
E10292,1.74,17,False,0.951,10.0,Declining,24.4,Low
E10293,1.63,5,False,1.103,8.0,Flat,0.0,Low
E10294,4.45,53,True,0.991,3.0,Declining,72.7,Critical
E10295,3.15,37,False,1.053,6.0,Declining,62.7,High
E10296,1.51,18,False,1.336,5.0,Improving,13.2,Low
E10297,4.61,55,False,0.967,8.0,Improving,48.7,High
E10298,3.05,36,False,0.99,8.0,Declining,55.2,High
E10299,4.34,17,False,1.054,8.0,Flat,4.9,Low
E10300,3.82,45,False,1.003,6.0,Flat,58.8,High
E10301,1.37,16,False,0.948,2.0,Unknown,30.5,Medium
E10302,1.66,17,False,0.947,7.0,Declining,39.4,Medium
E10303,4.15,49,False,1.039,6.0,Flat,32.7,Medium
E10304,3.77,45,True,0.723,4.0,Improving,86.3,Critical
E10305,2.42,29,False,1.048,6.0,Improving,58.7,High
E10306,2.67,32,True,0.945,6.0,Improving,76.0,Critical
E10307,6.01,60,False,0.929,6.0,Declining,62.3,High
E10308,1.62,19,False,0.845,8.0,Declining,26.3,Medium
E10309,3.6,43,False,1.044,3.0,Improving,50.5,High
E10310,2.13,25,False,1.0,6.0,Declining,75.6,Critical
E10311,2.11,25,False,0.938,5.0,Declining,76.7,Critical
E10312,5.3,60,False,1.119,8.0,Declining,33.7,Medium
E10313,4.38,52,False,1.016,4.0,Declining,57.1,High
E10314,4.34,52,False,1.062,7.0,Declining,49.0,High
E10315,6.13,60,False,1.067,6.0,Flat,55.0,High
E10316,2.49,29,False,0.955,5.0,Declining,66.9,Critical
E10317,3.96,47,True,0.893,8.0,Improving,60.4,High
E10318,1.98,17,False,0.975,7.0,Declining,9.0,Low
E10319,3.08,36,False,1.057,7.0,Flat,34.3,Medium
E10320,2.24,26,True,0.852,7.0,Flat,59.7,High
E10321,2.63,31,True,1.156,9.0,Declining,51.5,High
E10322,3.73,44,True,1.047,8.0,Improving,47.3,High
E10323,1.39,16,False,0.835,9.0,Unknown,18.0,Low
E10324,10.63,60,False,0.981,5.0,Flat,52.6,High
E10325,1.21,14,False,1.027,8.0,Unknown,3.4,Low
E10326,1.05,12,False,0.842,6.0,Unknown,33.1,Medium
E10327,5.53,60,False,1.038,5.0,Flat,37.2,Medium
E10328,4.28,51,False,0.99,6.0,Flat,47.2,High
E10329,3.8,45,False,0.842,6.0,Declining,74.5,Critical
E10330,3.81,45,False,1.079,6.0,Improving,50.3,High
E10331,2.44,29,False,1.116,4.0,Flat,63.3,High
E10332,1.31,15,False,0.926,4.0,Unknown,33.7,Medium
E10333,2.59,31,False,0.975,5.0,Declining,69.0,Critical
E10334,1.53,5,False,0.958,8.0,Flat,14.4,Low
E10335,4.86,5,True,0.823,5.0,Flat,47.0,High
E10336,2.21,26,True,0.811,7.0,Flat,73.4,Critical
E10337,1.38,16,False,1.009,6.0,Unknown,19.8,Low
E10338,1.96,23,False,1.062,8.0,Declining,12.2,Low
E10339,3.28,39,False,0.989,7.0,Declining,66.6,Critical
E10340,1.66,19,False,1.063,10.0,Flat,3.1,Low
E10341,1.38,16,True,0.952,5.0,Unknown,34.3,Medium
E10342,2.91,5,False,0.837,7.0,Improving,43.1,Medium
E10343,2.92,29,False,0.739,6.0,Flat,72.6,Critical
E10344,1.72,17,False,1.0,6.0,Improving,26.6,Medium
E10345,1.77,5,False,0.739,9.0,Improving,14.2,Low
E10346,2.89,34,False,0.986,5.0,Flat,64.5,High
E10347,0.89,10,False,0.994,6.0,Unknown,23.1,Low
E10348,0.92,11,False,0.962,7.0,Unknown,18.6,Low
E10349,1.48,17,False,1.143,9.0,Improving,2.5,Low
E10350,2.12,17,False,1.015,5.0,Declining,48.9,High
E10351,3.06,36,False,1.149,6.0,Improving,57.2,High
E10352,6.9,60,False,0.784,8.0,Declining,59.8,High
E10353,4.48,53,False,1.062,3.0,Flat,50.4,High
E10354,2.2,26,False,0.96,6.0,Declining,76.7,Critical
E10355,2.42,17,False,1.121,8.0,Declining,36.4,Medium
E10356,1.22,14,False,1.02,4.0,Unknown,1.7,Low
E10357,2.43,29,False,0.96,8.0,Flat,52.3,High
E10358,2.01,24,True,1.034,7.0,Improving,52.1,High
E10359,3.08,36,False,0.954,5.0,Flat,72.1,Critical
E10360,1.38,16,True,0.984,6.0,Unknown,25.5,Medium
E10361,3.53,42,False,1.213,6.0,Declining,64.9,High
E10362,7.18,60,False,0.85,8.0,Improving,39.3,Medium
E10363,2.28,27,False,0.876,6.0,Declining,77.4,Critical
E10364,3.26,39,False,1.112,7.0,Declining,61.8,High
E10365,3.98,47,False,0.832,6.0,Flat,60.7,High
E10366,1.85,22,False,0.963,8.0,Improving,5.0,Low
E10367,2.87,34,False,0.95,9.0,Declining,56.9,High
E10368,2.48,29,False,0.988,5.0,Flat,61.0,High
E10369,2.63,31,True,0.989,10.0,Improving,48.4,High
E10370,1.43,17,False,0.981,7.0,Unknown,0.0,Low
E10371,2.5,5,False,0.908,7.0,Improving,45.3,High
E10372,3.48,29,False,0.912,8.0,Flat,55.8,High
E10373,6.79,60,False,0.899,8.0,Flat,41.9,Medium
E10374,4.81,29,False,0.965,7.0,Flat,39.6,Medium
E10375,11.09,60,False,1.0,7.0,Improving,44.3,Medium
E10376,1.43,17,False,0.908,9.0,Unknown,13.7,Low
E10377,4.53,54,False,0.845,6.0,Declining,67.8,Critical
E10378,2.79,29,False,0.935,7.0,Flat,57.2,High
E10379,11.38,60,False,1.0,10.0,Improving,33.9,Medium
E10380,1.39,16,True,0.915,6.0,Unknown,43.4,Medium
E10381,1.36,16,False,0.911,6.0,Unknown,31.8,Medium
E10382,1.62,19,False,1.183,7.0,Improving,12.2,Low
E10383,0.55,6,False,1.0,8.0,Unknown,7.6,Low
E10384,1.7,20,False,0.948,10.0,Declining,26.1,Medium
E10385,1.44,17,False,0.815,5.0,Flat,32.1,Medium
E10386,2.73,32,False,0.986,8.0,Improving,40.3,Medium
E10387,3.12,37,False,1.038,7.0,Flat,43.8,Medium
E10388,9.14,60,False,0.81,8.0,Declining,59.5,High
E10389,4.78,57,False,0.955,7.0,Flat,37.0,Medium
E10390,1.64,19,False,0.895,8.0,Flat,23.5,Low
E10391,1.31,15,True,0.851,6.0,Unknown,40.0,Medium
E10392,3.47,41,False,0.937,9.0,Flat,58.1,High
E10393,0.97,11,False,1.162,9.0,Unknown,2.4,Low
E10394,8.86,60,False,1.063,6.0,Declining,57.9,High
E10395,5.61,60,False,1.072,7.0,Improving,28.6,Medium
E10396,1.77,21,False,1.152,9.0,Flat,0.0,Low
E10397,0.74,8,False,1.122,7.0,Unknown,10.0,Low
E10398,6.34,60,False,0.826,6.0,Improving,49.6,High
E10399,2.27,27,False,0.935,6.0,Declining,79.7,Critical
E10400,5.85,5,False,0.886,8.0,Improving,33.4,Medium
E10401,0.8,9,False,0.97,9.0,Unknown,1.7,Low
E10402,1.62,19,False,0.973,8.0,Declining,21.7,Low
E10403,2.47,29,False,0.819,8.0,Declining,62.0,High
E10404,2.54,30,False,1.139,8.0,Flat,37.4,Medium
E10405,1.79,21,False,0.93,7.0,Improving,17.0,Low
E10406,3.8,45,False,0.905,10.0,Flat,48.7,High
E10407,1.16,13,False,1.186,8.0,Unknown,6.6,Low
E10408,2.22,26,False,0.955,7.0,Improving,49.2,High
E10409,2.67,32,False,1.019,8.0,Flat,49.2,High
E10410,3.52,29,False,0.973,10.0,Flat,39.6,Medium
E10411,4.04,5,False,0.95,8.0,Improving,22.8,Low
E10412,1.12,13,False,0.796,7.0,Unknown,17.8,Low
E10413,0.84,10,False,0.975,4.0,Unknown,32.4,Medium
E10414,6.01,60,False,0.929,8.0,Improving,47.6,High
E10415,3.1,37,True,0.93,8.0,Improving,64.0,High
E10416,1.45,17,False,1.104,6.0,Flat,14.0,Low
E10417,7.28,29,False,0.892,6.0,Flat,63.5,High
E10418,2.66,31,True,0.861,9.0,Flat,59.6,High
E10419,5.61,60,False,0.729,7.0,Declining,60.0,High
E10420,2.58,30,False,1.023,7.0,Declining,48.7,High
E10421,10.4,29,True,0.928,8.0,Improving,51.1,High
E10422,8.4,17,False,1.003,9.0,Flat,0.0,Low
E10423,2.06,24,False,0.906,8.0,Improving,54.5,High
E10424,4.85,58,True,0.921,6.0,Flat,64.6,High
E10425,3.86,46,False,0.718,6.0,Declining,74.3,Critical
E10426,6.41,60,False,0.806,5.0,Flat,58.6,High
E10427,1.25,15,False,0.87,8.0,Unknown,19.3,Low
E10428,3.97,47,False,0.936,6.0,Improving,65.4,Critical
E10429,5.16,60,False,1.049,6.0,Improving,39.7,Medium
E10430,0.72,8,False,0.898,7.0,Unknown,21.8,Low
E10431,1.07,12,True,1.086,8.0,Unknown,10.1,Low
E10432,0.59,5,False,0.801,8.0,Unknown,29.2,Medium
E10433,2.03,24,False,1.065,9.0,Improving,35.1,Medium
E10434,4.06,48,False,1.222,8.0,Declining,48.6,High
E10435,7.03,60,False,0.976,5.0,Declining,56.3,High
E10436,2.59,31,True,0.798,9.0,Flat,58.2,High
E10437,7.69,60,True,0.925,6.0,Improving,62.2,High
E10438,0.93,11,False,0.869,7.0,Unknown,23.1,Low
E10439,0.74,5,False,1.003,7.0,Unknown,5.7,Low
E10440,2.36,28,False,1.008,9.0,Improving,45.9,High
E10441,3.21,38,False,0.841,8.0,Flat,55.1,High
E10442,2.4,5,False,0.962,6.0,Improving,33.2,Medium
E10443,0.58,6,False,1.082,,Unknown,0.0,Low
E10444,2.31,27,False,0.914,8.0,Flat,58.0,High
E10445,0.99,11,False,1.14,5.0,Unknown,14.9,Low
E10446,3.93,47,True,0.981,8.0,Improving,52.2,High
E10447,3.18,38,False,0.795,9.0,Flat,45.0,High
E10448,1.27,15,False,1.082,8.0,Unknown,8.4,Low
E10449,1.71,5,False,0.918,9.0,Improving,18.0,Low
E10450,1.17,5,True,0.987,8.0,Unknown,32.2,Medium
E10451,2.35,28,False,1.038,4.0,Improving,53.2,High
E10452,4.79,57,False,0.98,8.0,Improving,38.8,Medium
E10453,1.23,14,False,1.004,9.0,Unknown,0.0,Low
E10454,3.5,42,False,0.805,8.0,Flat,70.5,Critical
E10455,1.69,20,False,0.84,9.0,Declining,30.1,Medium
E10456,1.41,16,True,0.959,6.0,Unknown,32.0,Medium
E10457,2.28,27,False,1.07,6.0,Flat,64.5,High
E10458,1.19,14,False,0.849,8.0,Unknown,20.7,Low
E10459,1.67,20,True,0.743,7.0,Improving,46.7,High
E10460,1.06,12,False,0.981,7.0,Unknown,20.3,Low
E10461,9.72,60,False,0.914,8.0,Improving,46.9,High
E10462,2.52,30,False,0.97,7.0,Flat,50.6,High
E10463,1.51,18,False,0.911,6.0,Flat,33.6,Medium
E10464,2.85,34,False,1.017,7.0,Declining,57.8,High
E10465,2.27,27,True,0.919,10.0,Flat,56.1,High
E10466,2.11,25,False,0.972,7.0,Improving,58.5,High
E10467,3.78,45,False,0.958,4.0,Declining,68.7,Critical
E10468,4.18,50,False,0.787,6.0,Declining,72.3,Critical
E10469,1.69,20,False,1.073,10.0,Flat,1.8,Low
E10470,1.64,19,False,0.988,7.0,Improving,10.4,Low
E10471,2.03,24,False,0.974,8.0,Declining,53.6,High
E10472,0.49,5,True,1.078,8.0,Unknown,15.2,Low
E10473,0.85,10,False,0.798,7.0,Unknown,22.2,Low
E10474,6.4,60,False,1.063,7.0,Flat,30.4,Medium
E10475,7.77,60,True,1.243,7.0,Flat,38.6,Medium
E10476,2.06,24,False,0.961,10.0,Flat,42.8,Medium
E10477,3.68,44,False,0.88,9.0,Declining,69.2,Critical
E10478,3.06,36,True,0.776,10.0,Flat,64.9,High
E10479,17.99,5,False,0.912,5.0,Flat,43.4,Medium
E10480,5.38,60,False,0.961,5.0,Improving,47.9,High
E10481,2.25,27,False,0.862,8.0,Flat,55.3,High
E10482,1.26,15,False,0.903,10.0,Unknown,13.8,Low
E10483,0.8,9,False,1.029,10.0,Unknown,0.0,Low
E10484,2.83,33,True,0.941,5.0,Declining,83.5,Critical
E10485,1.45,17,True,1.061,7.0,Flat,10.1,Low
E10486,0.91,10,False,0.857,8.0,Unknown,24.0,Low
E10487,1.56,5,False,0.852,8.0,Improving,17.8,Low
E10488,1.15,13,False,1.046,7.0,Unknown,6.2,Low
E10489,8.01,17,False,0.864,9.0,Declining,35.0,Medium
E10490,4.56,54,False,1.052,8.0,Flat,34.3,Medium
E10491,2.44,17,True,1.066,7.0,Declining,40.7,Medium
E10492,6.92,60,False,1.016,8.0,Improving,15.5,Low
E10493,2.59,31,False,1.087,8.0,Declining,50.9,High
E10494,1.34,16,True,0.947,9.0,Unknown,18.4,Low
E10495,7.14,60,True,1.01,7.0,Flat,29.5,Medium
E10496,3.58,5,False,0.96,10.0,Improving,21.2,Low
E10497,1.19,14,False,0.998,7.0,Unknown,8.6,Low
E10498,2.15,25,False,0.9,9.0,Improving,50.9,High
E10499,1.33,15,False,1.211,8.0,Unknown,8.6,Low
E10500,0.93,11,False,1.119,7.0,Unknown,15.4,Low
E10501,4.7,56,False,0.892,7.0,Improving,47.5,High
E10502,9.35,60,False,0.936,5.0,Improving,59.2,High
E10503,0.92,11,False,0.988,10.0,Unknown,16.0,Low
E10504,3.64,43,False,0.922,6.0,Declining,74.7,Critical
E10505,1.56,18,False,0.962,6.0,Declining,30.0,Medium
E10506,1.75,21,False,0.894,8.0,Improving,24.0,Low
E10507,1.62,17,False,1.071,10.0,Declining,18.6,Low
E10508,1.34,16,True,1.152,5.0,Unknown,33.2,Medium
E10509,2.54,30,False,0.836,6.0,Declining,72.0,Critical
E10510,1.37,5,False,0.819,5.0,Unknown,24.1,Low
E10511,2.97,35,True,1.019,8.0,Flat,49.4,High
E10512,2.37,28,False,0.875,9.0,Improving,54.5,High
E10513,2.08,24,False,1.106,7.0,Flat,40.1,Medium
E10514,1.3,15,False,0.944,5.0,Unknown,27.1,Medium
E10515,1.64,19,False,1.056,8.0,Flat,0.0,Low
E10516,4.17,50,False,0.848,8.0,Improving,52.2,High
E10517,3.49,41,True,0.96,7.0,Declining,73.3,Critical
E10518,1.24,14,True,0.934,8.0,Unknown,32.2,Medium
E10519,2.63,31,False,1.044,7.0,Flat,41.7,Medium
E10520,4.16,49,False,0.874,9.0,Improving,36.7,Medium
E10521,0.76,9,True,1.079,5.0,Unknown,16.5,Low
E10522,3.59,43,False,1.075,8.0,Declining,46.5,High
E10523,1.54,18,False,0.901,7.0,Flat,10.8,Low
E10524,3.66,43,True,0.866,6.0,Improving,75.5,Critical
E10525,1.44,17,False,1.048,7.0,Improving,8.3,Low
E10526,0.69,5,True,0.857,6.0,Unknown,41.3,Medium
E10527,0.79,9,True,1.147,8.0,Unknown,21.1,Low
E10528,2.54,30,False,0.788,10.0,Declining,63.9,High
E10529,2.95,35,False,1.129,9.0,Declining,39.8,Medium
E10530,1.3,15,False,0.87,8.0,Unknown,20.3,Low
E10531,3.84,46,False,0.984,8.0,Declining,59.5,High
E10532,0.77,9,False,0.963,,Unknown,8.5,Low
E10533,2.35,5,False,0.959,8.0,Flat,34.2,Medium
E10534,1.05,12,False,1.04,8.0,Unknown,8.4,Low
E10535,1.56,5,False,1.0,5.0,Improving,21.6,Low
E10536,2.54,30,True,0.949,7.0,Declining,83.9,Critical
E10537,1.34,16,False,1.002,9.0,Unknown,4.2,Low
E10538,1.88,5,False,0.944,9.0,Improving,2.0,Low
E10539,4.97,59,False,0.963,8.0,Improving,41.8,Medium
E10540,1.64,19,False,0.873,6.0,Improving,28.6,Medium
E10541,4.41,52,False,0.927,6.0,Declining,62.2,High
E10542,1.11,13,False,1.262,4.0,Unknown,19.3,Low
E10543,3.56,42,False,1.147,4.0,Flat,65.6,Critical
E10544,6.74,60,False,1.245,7.0,Declining,43.7,Medium
E10545,0.44,5,False,0.975,10.0,Unknown,4.6,Low
E10546,1.4,16,False,1.084,7.0,Unknown,6.5,Low
E10547,3.68,29,False,1.0,8.0,Declining,72.0,Critical
E10548,2.13,17,False,1.022,9.0,Declining,28.7,Medium
E10549,3.19,29,False,1.051,8.0,Improving,46.9,High
E10550,1.61,17,False,0.868,8.0,Flat,19.0,Low
E10551,2.61,31,False,0.776,10.0,Improving,48.1,High
E10552,2.2,26,False,1.033,5.0,Declining,73.1,Critical
E10553,5.57,60,True,0.882,5.0,Improving,61.5,High
E10554,2.93,29,False,1.103,8.0,Declining,57.7,High
E10555,3.11,37,True,0.927,7.0,Improving,63.3,High
E10556,1.84,22,False,0.913,6.0,Flat,29.2,Medium
E10557,1.75,21,False,0.849,7.0,Flat,18.9,Low
E10558,1.82,21,False,0.907,5.0,Flat,21.7,Low
E10559,3.24,38,False,0.775,7.0,Flat,51.7,High
E10560,1.83,21,False,1.041,4.0,Declining,30.7,Medium
E10561,3.01,17,False,0.837,9.0,Declining,43.8,Medium
E10562,10.51,5,False,0.77,5.0,Improving,36.3,Medium
E10563,4.52,54,False,1.051,6.0,Declining,63.4,High
E10564,1.95,23,False,0.837,6.0,Flat,28.0,Medium
E10565,5.7,5,False,1.165,7.0,Improving,21.2,Low
E10566,1.85,22,False,0.934,9.0,Flat,15.7,Low
E10567,0.59,7,False,0.938,6.0,Unknown,31.7,Medium
E10568,1.21,14,False,0.961,7.0,Unknown,12.5,Low
E10569,0.66,7,False,1.219,7.0,Unknown,7.5,Low
E10570,1.92,23,False,0.835,7.0,Flat,16.2,Low
E10571,2.49,29,False,1.03,5.0,Flat,49.4,High
E10572,7.95,60,False,0.994,8.0,Improving,37.0,Medium
E10573,3.09,37,False,1.214,7.0,Improving,44.2,Medium
E10574,2.11,25,False,0.848,8.0,Improving,60.3,High
E10575,4.39,52,False,0.806,9.0,Declining,59.2,High
E10576,0.52,6,False,0.939,6.0,Unknown,26.9,Medium
E10577,2.9,34,False,0.934,8.0,Improving,58.8,High
E10578,4.21,50,True,0.972,7.0,Improving,45.9,High
E10579,0.87,10,True,0.927,8.0,Unknown,26.3,Medium
E10580,5.47,17,False,0.92,6.0,Flat,51.0,High
E10581,3.11,37,False,1.018,7.0,Flat,44.2,Medium
E10582,1.84,22,False,0.938,7.0,Declining,40.1,Medium
E10583,3.83,45,False,0.957,6.0,Declining,55.2,High
E10584,12.05,60,False,0.882,10.0,Flat,46.2,High
E10585,2.79,33,False,1.135,3.0,Improving,56.7,High
E10586,2.92,35,False,1.079,7.0,Declining,57.5,High
E10587,1.78,21,False,0.954,9.0,Flat,4.5,Low
E10588,1.36,16,False,1.131,5.0,Unknown,28.6,Medium
E10589,4.39,5,False,0.885,5.0,Improving,40.0,Medium
E10590,1.35,16,False,0.96,7.0,Unknown,11.9,Low
E10591,2.58,30,False,0.964,8.0,Declining,55.1,High
E10592,1.76,17,False,0.919,8.0,Declining,32.8,Medium
E10593,3.44,41,False,0.882,6.0,Flat,68.1,Critical
E10594,3.1,37,False,1.108,6.0,Declining,71.4,Critical
E10595,5.08,60,False,0.769,7.0,Declining,62.2,High
E10596,1.72,20,False,0.935,5.0,Flat,38.9,Medium
E10597,2.03,24,False,0.966,9.0,Improving,41.5,Medium
E10598,1.24,14,False,0.908,9.0,Unknown,13.3,Low
E10599,1.8,21,False,1.009,7.0,Flat,10.4,Low
E10600,3.2,38,True,0.92,10.0,Flat,59.8,High
E10601,4.18,50,False,0.85,6.0,Improving,47.2,High
E10602,1.29,15,False,0.958,7.0,Unknown,9.7,Low
E10603,4.52,5,False,0.883,5.0,Improving,30.1,Medium
E10604,6.35,60,False,0.906,5.0,Flat,54.9,High
E10605,3.28,39,False,1.008,7.0,Declining,59.1,High
E10606,9.14,60,True,1.185,7.0,Improving,38.3,Medium
E10607,1.43,17,False,1.096,7.0,Unknown,4.7,Low
E10608,1.03,12,False,0.75,7.0,Unknown,20.0,Low
E10609,0.71,8,True,0.911,10.0,Unknown,23.1,Low
E10610,7.0,60,False,1.017,8.0,Flat,30.3,Medium
E10611,3.89,46,False,0.97,8.0,Flat,57.1,High
E10612,2.36,28,False,1.148,7.0,Flat,33.5,Medium
E10613,2.99,35,False,1.012,9.0,Flat,37.1,Medium
E10614,1.12,13,False,0.884,3.0,Unknown,35.8,Medium
E10615,13.62,60,False,0.959,8.0,Improving,33.5,Medium
E10616,2.69,17,True,0.933,5.0,Flat,62.2,High
E10617,2.65,31,False,1.165,8.0,Declining,50.7,High
E10618,4.08,5,False,1.071,7.0,Improving,16.4,Low
E10619,3.44,41,True,0.966,10.0,Declining,55.7,High
E10620,2.87,34,False,1.024,7.0,Improving,42.4,Medium
E10621,1.41,5,False,0.919,5.0,Unknown,44.1,Medium
E10622,3.42,41,False,1.103,8.0,Flat,37.5,Medium
E10623,9.18,60,False,0.92,7.0,Declining,56.9,High
E10624,6.3,60,False,0.895,6.0,Flat,67.2,Critical
E10625,7.5,60,False,0.941,6.0,Declining,77.2,Critical
E10626,1.72,20,False,1.056,9.0,Improving,8.7,Low
E10627,1.23,14,True,0.839,5.0,Unknown,39.2,Medium
E10628,2.25,27,True,0.948,5.0,Declining,90.7,Critical
E10629,2.55,30,False,0.979,9.0,Improving,44.3,Medium
E10630,5.29,5,True,0.98,4.0,Improving,36.1,Medium
E10631,0.75,9,True,0.929,9.0,Unknown,17.4,Low
E10632,7.17,60,False,0.934,6.0,Improving,52.8,High
E10633,2.2,26,False,0.927,6.0,Flat,66.5,Critical
E10634,1.82,21,False,0.959,8.0,Declining,17.6,Low
E10635,1.21,14,False,1.008,7.0,Unknown,2.6,Low
E10636,0.77,9,False,0.902,5.0,Unknown,28.0,Medium
E10637,4.37,5,True,0.749,6.0,Flat,51.6,High
E10638,2.59,29,True,0.924,7.0,Declining,79.0,Critical
E10639,0.99,11,True,1.005,6.0,Unknown,23.1,Low
E10640,0.99,11,False,0.86,10.0,Unknown,13.3,Low
E10641,1.94,23,False,0.986,7.0,Improving,15.0,Low
E10642,7.9,29,True,0.837,9.0,Improving,47.2,High
E10643,2.05,24,False,0.995,10.0,Improving,39.0,Medium
E10644,0.86,10,False,0.824,8.0,Unknown,14.4,Low
E10645,2.07,24,True,0.958,5.0,Declining,86.5,Critical
E10646,2.03,24,False,1.022,7.0,Flat,33.9,Medium
E10647,0.37,4,False,0.889,,Unknown,13.4,Low
E10648,2.37,28,True,0.902,8.0,Improving,60.6,High
E10649,2.09,5,False,0.952,8.0,Improving,30.7,Medium
E10650,4.0,17,True,0.979,9.0,Declining,41.8,Medium
E10651,8.97,60,True,0.969,6.0,Flat,58.4,High
E10652,5.41,60,False,1.079,5.0,Flat,39.8,Medium
E10653,2.03,24,True,1.122,7.0,Declining,59.7,High
E10654,1.13,13,False,0.888,6.0,Unknown,26.3,Medium
E10655,14.89,60,False,0.859,8.0,Flat,42.0,Medium
E10656,2.56,30,False,1.247,8.0,Improving,39.7,Medium
E10657,2.48,29,False,0.966,7.0,Improving,48.8,High
E10658,2.41,28,True,0.998,7.0,Improving,55.3,High
E10659,2.82,33,False,1.005,10.0,Flat,42.8,Medium
E10660,2.22,26,False,0.957,6.0,Flat,52.4,High
E10661,1.64,19,True,1.011,9.0,Flat,6.7,Low
E10662,1.68,20,False,1.012,7.0,Declining,6.6,Low
E10663,2.4,28,False,0.896,8.0,Flat,56.2,High
E10664,1.68,20,True,0.804,6.0,Improving,37.6,Medium
E10665,1.49,17,True,0.97,8.0,Improving,17.4,Low
E10666,2.65,29,False,1.175,5.0,Flat,50.6,High
E10667,2.06,24,True,0.904,6.0,Declining,91.2,Critical
E10668,7.04,60,True,1.061,7.0,Declining,53.4,High
E10669,0.38,4,True,0.949,8.0,Unknown,23.0,Low
E10670,5.28,60,False,0.889,7.0,Declining,57.9,High
E10671,5.88,60,False,0.96,3.0,Flat,42.4,Medium
E10672,0.57,6,False,1.099,8.0,Unknown,0.0,Low
E10673,1.93,23,True,1.307,7.0,Declining,28.0,Medium
E10674,1.89,22,False,0.953,7.0,Flat,6.3,Low
E10675,0.92,11,False,0.888,9.0,Unknown,11.9,Low
E10676,1.42,17,False,0.82,9.0,Unknown,16.1,Low
E10677,1.13,13,False,0.853,6.0,Unknown,32.9,Medium
E10678,8.38,60,False,0.897,6.0,Flat,66.0,Critical
E10679,4.73,56,False,1.088,8.0,Declining,37.7,Medium
E10680,5.98,60,False,0.968,10.0,Improving,38.1,Medium
E10681,4.07,5,True,1.096,10.0,Improving,18.9,Low
E10682,1.11,13,False,0.954,8.0,Unknown,15.8,Low
E10683,1.7,20,False,1.081,10.0,Improving,0.0,Low
E10684,3.46,41,False,0.974,7.0,Flat,43.2,Medium
E10685,1.04,12,False,1.035,8.0,Unknown,6.5,Low
E10686,4.05,48,False,0.924,8.0,Improving,42.2,Medium
E10687,2.08,17,False,1.102,8.0,Declining,31.1,Medium
E10688,1.89,17,False,1.079,8.0,Improving,6.8,Low
E10689,4.04,48,True,0.944,7.0,Flat,60.3,High
E10690,3.35,40,False,1.017,9.0,Flat,28.0,Medium
E10691,1.91,5,True,0.918,8.0,Improving,35.5,Medium
E10692,5.53,60,False,0.925,7.0,Improving,40.8,Medium
E10693,1.15,13,True,0.845,9.0,Unknown,21.5,Low
E10694,3.78,45,False,1.024,7.0,Flat,40.5,Medium
E10695,3.72,44,True,0.848,5.0,Flat,74.6,Critical
E10696,1.98,23,False,0.972,10.0,Flat,4.8,Low
E10697,3.09,37,False,0.904,9.0,Improving,51.7,High
E10698,1.02,12,False,1.177,8.0,Unknown,12.4,Low
E10699,4.69,56,False,0.893,9.0,Improving,40.0,Medium
E10700,2.16,25,False,1.07,7.0,Improving,37.4,Medium
E10701,1.7,20,False,1.051,10.0,Declining,6.7,Low
E10702,5.12,60,False,1.017,6.0,Flat,45.6,High
E10703,1.5,18,False,1.022,10.0,Flat,4.1,Low
E10704,0.91,5,False,0.877,8.0,Unknown,17.8,Low
E10705,0.82,9,False,1.186,5.0,Unknown,22.6,Low
E10706,3.76,17,False,1.096,4.0,Declining,58.8,High
E10707,1.0,12,True,0.981,8.0,Unknown,26.6,Medium
E10708,8.39,5,True,1.014,8.0,Improving,18.4,Low
E10709,0.57,6,False,1.17,8.0,Unknown,11.2,Low
E10710,8.06,60,False,1.212,7.0,Flat,36.6,Medium
E10711,2.85,34,False,1.119,10.0,Improving,36.3,Medium
E10712,2.29,27,False,1.065,7.0,Declining,58.5,High
E10713,1.68,5,True,0.931,8.0,Improving,32.8,Medium
E10714,3.25,39,False,1.042,7.0,Improving,48.2,High
E10715,2.39,5,False,0.871,6.0,Improving,53.9,High
E10716,5.32,60,True,0.926,8.0,Flat,58.8,High
E10717,2.66,31,False,0.881,9.0,Declining,57.9,High
E10718,2.73,32,True,1.069,7.0,Declining,62.0,High
E10719,1.91,22,False,1.18,9.0,Flat,0.0,Low
E10720,2.36,28,False,0.965,8.0,Flat,54.0,High
E10721,3.05,17,False,1.018,10.0,Declining,23.2,Low
E10722,0.74,8,False,0.853,8.0,Unknown,10.1,Low
E10723,0.96,11,False,0.88,6.0,Unknown,25.9,Medium
E10724,4.13,17,False,0.909,9.0,Declining,33.9,Medium
E10725,2.77,33,False,1.029,8.0,Flat,31.9,Medium
E10726,2.16,25,False,1.114,7.0,Flat,32.5,Medium
E10727,2.49,29,False,0.984,8.0,Declining,63.3,High
E10728,3.13,5,True,0.925,10.0,Improving,34.0,Medium
E10729,1.68,20,False,0.959,7.0,Flat,17.0,Low
E10730,1.42,17,False,1.211,8.0,Unknown,0.0,Low
E10731,2.82,33,True,0.935,8.0,Improving,54.3,High
E10732,1.24,14,False,1.106,8.0,Unknown,0.9,Low
E10733,3.27,39,False,1.01,8.0,Flat,35.6,Medium
E10734,0.74,8,True,0.91,6.0,Unknown,34.5,Medium
E10735,5.05,60,False,0.964,4.0,Flat,49.5,High
E10736,3.42,41,False,1.035,8.0,Improving,42.9,Medium
E10737,2.94,35,False,1.089,7.0,Declining,60.9,High
E10738,4.89,58,False,0.957,6.0,Declining,60.2,High
E10739,7.89,60,False,0.815,7.0,Declining,60.4,High
E10740,5.0,60,False,0.875,7.0,Improving,40.4,Medium
E10741,0.68,8,False,1.058,8.0,Unknown,1.5,Low
E10742,1.0,12,False,0.956,8.0,Unknown,18.5,Low
E10743,1.59,19,False,1.014,8.0,Declining,25.0,Medium
E10744,2.5,29,False,0.957,10.0,Declining,61.9,High
E10745,3.53,42,False,0.976,8.0,Declining,59.4,High
E10746,1.48,17,False,0.9,8.0,Declining,26.4,Medium
E10747,2.8,33,False,0.952,7.0,Improving,44.1,Medium
E10748,1.45,17,False,0.841,9.0,Declining,25.4,Medium
E10749,1.6,19,False,1.025,7.0,Declining,15.2,Low
E10750,0.92,11,False,1.173,6.0,Unknown,18.6,Low
E10751,1.29,15,True,0.978,9.0,Unknown,17.8,Low
E10752,0.95,11,False,1.104,8.0,Unknown,0.9,Low
E10753,1.24,14,False,1.139,10.0,Unknown,9.6,Low
E10754,5.14,29,True,0.99,7.0,Improving,46.4,High
E10755,1.26,15,False,1.144,9.0,Unknown,6.8,Low
E10756,15.52,60,False,0.902,9.0,Declining,55.1,High
E10757,3.47,41,False,0.915,10.0,Improving,61.8,High
E10758,2.8,33,False,1.17,9.0,Improving,30.2,Medium
E10759,1.35,16,True,0.988,8.0,Unknown,17.4,Low
E10760,4.01,48,True,0.923,6.0,Flat,64.4,High
E10761,1.64,19,False,0.863,9.0,Declining,27.9,Medium
E10762,2.67,32,False,1.032,5.0,Flat,54.6,High
E10763,14.75,5,False,1.016,7.0,Declining,27.9,Medium
E10764,2.3,27,True,1.089,9.0,Flat,44.7,Medium
E10765,5.49,60,False,1.097,6.0,Improving,46.8,High
E10766,1.5,18,False,0.966,8.0,Improving,9.6,Low
E10767,2.4,28,False,1.017,7.0,Flat,44.3,Medium
E10768,8.49,60,False,1.105,7.0,Improving,46.1,High
E10769,1.58,5,True,1.161,6.0,Declining,38.0,Medium
E10770,8.74,60,False,0.856,7.0,Declining,51.8,High
E10771,4.03,48,False,0.94,8.0,Improving,43.9,Medium
E10772,1.66,17,False,0.935,4.0,Declining,42.7,Medium
E10773,3.82,29,True,1.114,4.0,Flat,57.6,High
E10774,4.85,58,False,1.065,4.0,Improving,44.6,Medium
E10775,3.8,45,False,0.994,8.0,Declining,64.0,High
E10776,0.82,9,False,1.027,5.0,Unknown,11.5,Low
E10777,1.48,17,False,0.785,5.0,Improving,24.5,Low
E10778,2.06,24,False,0.958,7.0,Improving,60.4,High
E10779,2.33,27,False,1.012,7.0,Flat,37.3,Medium
E10780,3.79,45,True,0.927,7.0,Flat,72.1,Critical
E10781,2.78,33,False,0.899,8.0,Declining,72.8,Critical
E10782,0.96,11,False,0.993,7.0,Unknown,9.0,Low
E10783,3.21,38,False,1.079,8.0,Improving,38.1,Medium
E10784,3.77,45,False,1.021,7.0,Improving,39.0,Medium
E10785,3.64,43,False,0.79,9.0,Flat,48.8,High
E10786,5.24,60,False,1.135,5.0,Flat,47.1,High
E10787,4.41,52,False,0.994,4.0,Flat,43.0,Medium
E10788,3.39,40,True,0.787,8.0,Declining,83.4,Critical
E10789,2.34,5,False,0.963,4.0,Improving,38.8,Medium
E10790,0.77,9,False,0.79,8.0,Unknown,13.7,Low
E10791,3.32,39,False,1.037,6.0,Flat,54.9,High
E10792,2.84,34,False,0.953,8.0,Improving,60.0,High
E10793,2.97,35,False,0.987,6.0,Improving,55.8,High
E10794,1.0,12,False,1.129,7.0,Unknown,6.6,Low
E10795,1.15,13,False,1.032,9.0,Unknown,0.7,Low
E10796,5.14,60,False,0.94,4.0,Improving,68.4,Critical
E10797,2.39,5,False,1.036,8.0,Improving,19.3,Low
E10798,3.96,47,False,1.076,6.0,Improving,58.7,High
E10799,2.51,17,True,0.938,7.0,Flat,39.9,Medium
E10800,2.51,29,True,1.056,6.0,Declining,75.1,Critical
E10801,4.74,56,False,0.979,7.0,Improving,41.7,Medium
E10802,1.71,20,False,0.94,5.0,Declining,50.0,High
E10803,2.63,31,False,1.009,3.0,Flat,47.2,High
E10804,1.78,21,False,0.911,4.0,Declining,34.9,Medium
E10805,1.81,17,False,1.054,7.0,Declining,17.0,Low
E10806,1.98,23,False,0.921,8.0,Flat,18.2,Low
E10807,2.87,34,False,1.104,5.0,Improving,46.9,High
E10808,1.76,21,False,1.019,6.0,Declining,23.5,Low
E10809,5.92,60,False,1.105,5.0,Declining,53.6,High
E10810,1.31,5,False,0.964,4.0,Unknown,32.5,Medium
E10811,2.15,25,False,0.955,5.0,Improving,53.8,High
E10812,1.8,21,True,1.068,7.0,Improving,18.5,Low
E10813,6.77,60,False,0.964,4.0,Flat,42.6,Medium
E10814,2.82,33,False,0.982,9.0,Flat,38.2,Medium
E10815,5.06,60,False,0.984,6.0,Flat,42.3,Medium
E10816,0.87,10,False,0.748,6.0,Unknown,43.9,Medium
E10817,2.96,29,False,0.824,6.0,Improving,73.8,Critical
E10818,4.58,54,True,1.161,3.0,Declining,67.5,Critical
E10819,2.6,31,True,1.039,7.0,Flat,53.3,High
E10820,5.18,60,False,1.083,5.0,Flat,40.0,Medium
E10821,1.71,20,False,1.023,7.0,Declining,18.2,Low
E10822,6.59,60,True,1.028,5.0,Declining,58.8,High
E10823,12.28,5,False,1.003,7.0,Improving,27.5,Medium
E10824,1.91,22,True,0.865,7.0,Improving,23.4,Low
E10825,1.8,21,False,1.053,5.0,Improving,13.7,Low
E10826,6.8,60,False,1.023,6.0,Flat,52.0,High
E10827,7.43,29,False,0.875,5.0,Flat,58.5,High
E10828,1.7,20,False,1.063,4.0,Improving,21.0,Low
E10829,1.83,21,False,1.147,8.0,Improving,5.6,Low
E10830,2.02,24,False,1.028,6.0,Flat,50.6,High
E10831,0.96,11,False,1.15,7.0,Unknown,2.6,Low
E10832,1.29,15,False,0.865,9.0,Unknown,19.3,Low
E10833,1.22,14,True,1.053,7.0,Unknown,15.1,Low
E10834,1.43,17,False,1.105,7.0,Unknown,12.0,Low
E10835,2.4,28,False,0.988,4.0,Declining,78.0,Critical
E10836,2.89,34,True,0.873,6.0,Declining,91.9,Critical
E10837,7.27,60,False,1.106,8.0,Declining,49.2,High
E10838,1.22,14,False,1.067,7.0,Unknown,8.7,Low
E10839,4.9,58,False,0.919,5.0,Improving,60.9,High
E10840,2.11,25,False,0.926,8.0,Improving,55.4,High
E10841,2.37,28,False,1.01,6.0,Improving,45.5,High
E10842,3.94,47,False,1.301,10.0,Flat,32.8,Medium
E10843,1.12,13,False,0.928,9.0,Unknown,22.2,Low
E10844,3.21,17,False,1.051,9.0,Declining,31.4,Medium
E10845,2.76,33,False,0.927,8.0,Declining,67.0,Critical
E10846,3.47,41,False,1.017,5.0,Improving,60.0,High
E10847,3.01,36,False,0.906,8.0,Improving,54.8,High
E10848,13.71,60,False,0.972,10.0,Improving,35.5,Medium
E10849,1.57,18,True,1.138,8.0,Flat,20.6,Low
E10850,1.69,20,False,1.043,9.0,Declining,15.0,Low
E10851,1.59,19,False,0.756,9.0,Improving,20.3,Low
E10852,1.66,19,False,1.088,8.0,Improving,8.4,Low
E10853,1.57,18,False,1.072,10.0,Declining,2.5,Low
E10854,5.65,60,False,0.929,6.0,Flat,65.6,Critical
E10855,6.64,60,False,0.988,10.0,Declining,48.0,High
E10856,1.65,5,False,0.899,9.0,Improving,13.5,Low
E10857,1.37,16,False,1.039,8.0,Unknown,3.1,Low
E10858,3.42,41,True,0.994,9.0,Improving,50.6,High
E10859,1.67,20,False,0.869,10.0,Declining,21.0,Low
E10860,3.83,45,False,1.042,9.0,Declining,52.7,High
E10861,2.83,33,False,0.908,8.0,Flat,56.2,High
E10862,0.85,10,True,1.036,,Unknown,3.5,Low
E10863,7.26,17,False,0.97,7.0,Declining,35.3,Medium
E10864,8.64,60,False,0.928,8.0,Flat,49.4,High
E10865,1.6,19,True,0.849,6.0,Flat,45.1,High
E10866,1.87,22,False,0.762,9.0,Improving,8.6,Low
E10867,3.0,5,True,0.969,8.0,Flat,41.7,Medium
E10868,3.1,5,False,1.124,7.0,Flat,32.9,Medium
E10869,3.9,29,False,0.958,6.0,Declining,71.8,Critical
E10870,10.04,60,True,1.064,9.0,Declining,45.5,High
E10871,2.17,26,False,0.989,9.0,Declining,47.0,High
E10872,1.4,16,False,1.131,6.0,Unknown,18.4,Low
E10873,0.93,11,False,0.958,7.0,Unknown,6.9,Low
E10874,1.47,17,False,1.168,8.0,Declining,23.8,Low
E10875,2.4,28,False,1.024,9.0,Improving,48.1,High
E10876,8.63,60,False,0.996,10.0,Improving,44.3,Medium
E10877,1.71,5,False,0.88,6.0,Flat,28.7,Medium
E10878,2.87,34,False,1.068,9.0,Improving,32.3,Medium
E10879,2.43,29,False,1.021,7.0,Declining,57.0,High
E10880,5.65,60,True,0.949,6.0,Flat,65.9,Critical
E10881,14.41,60,False,1.102,7.0,Flat,32.1,Medium
E10882,1.69,20,False,1.0,7.0,Improving,24.3,Low
E10883,1.74,20,False,1.022,10.0,Improving,0.0,Low
E10884,5.1,60,True,0.863,8.0,Flat,56.3,High
E10885,3.96,47,False,0.983,10.0,Declining,55.9,High
E10886,8.95,17,False,0.925,7.0,Declining,46.3,High
E10887,3.7,44,False,0.889,7.0,Declining,64.7,High
E10888,1.91,22,False,0.978,9.0,Improving,13.4,Low
E10889,3.72,44,False,1.106,7.0,Declining,55.3,High
E10890,5.34,60,True,0.989,10.0,Declining,47.9,High
E10891,4.36,52,False,1.133,8.0,Flat,31.1,Medium
E10892,3.5,17,True,0.841,10.0,Declining,58.0,High
E10893,5.19,60,False,0.855,4.0,Declining,81.4,Critical
E10894,5.57,60,False,1.059,9.0,Declining,36.2,Medium
E10895,6.47,17,False,1.13,8.0,Declining,36.6,Medium
E10896,3.87,46,False,0.83,8.0,Flat,63.2,High
E10897,2.18,26,True,0.969,7.0,Declining,65.4,Critical
E10898,2.72,32,False,1.129,10.0,Declining,51.0,High
E10899,5.72,60,False,0.87,10.0,Declining,57.4,High
E10900,1.39,16,False,0.922,9.0,Unknown,13.8,Low
E10901,3.18,38,False,1.04,10.0,Improving,32.8,Medium
